{"cameraMode":{"drawMode":0,"name":"Shaded","section":"Shading Mode"},"sceneLighting":true,"audioPlay":false,"sceneViewState":{"m_AlwaysRefresh":false,"showFog":true,"showSkybox":true,"showFlares":true,"showImageEffects":true,"showParticleSystems":true,"showVisualEffectGraphs":true,"m_FxEnabled":true},"in2DMode":false,"pivot":{"x":390.734130859375,"y":9.256049156188965,"z":319.0144348144531},"rotation":{"x":-0.0012638228945434094,"y":-0.5295617580413818,"z":-0.0008061898406594992,"w":0.8483701348304749},"size":5.9183244705200199,"orthographic":false}