{"cameraMode":{"drawMode":0,"name":"Shaded","section":"Shading Mode"},"sceneLighting":true,"audioPlay":false,"sceneViewState":{"m_AlwaysRefresh":false,"showFog":true,"showSkybox":true,"showFlares":true,"showImageEffects":true,"showParticleSystems":true,"showVisualEffectGraphs":true,"m_FxEnabled":true},"in2DMode":false,"pivot":{"x":403.4605407714844,"y":8.385567665100098,"z":344.25958251953127},"rotation":{"x":-0.09585534036159516,"y":-0.0026776709128171207,"z":0.0002860964450519532,"w":-0.995425820350647},"size":16.731761932373048,"orthographic":true}